-- phpMyAdmin SQL Dump
-- version 5.1.1
-- https://www.phpmyadmin.net/
--
-- Servidor: 127.0.0.1
-- Tiempo de generación: 28-11-2021 a las 21:23:50
-- Versión del servidor: 10.4.21-MariaDB
-- Versión de PHP: 7.4.25

SET SQL_MODE = "NO_AUTO_VALUE_ON_ZERO";
START TRANSACTION;
SET time_zone = "+00:00";


/*!40101 SET @OLD_CHARACTER_SET_CLIENT=@@CHARACTER_SET_CLIENT */;
/*!40101 SET @OLD_CHARACTER_SET_RESULTS=@@CHARACTER_SET_RESULTS */;
/*!40101 SET @OLD_COLLATION_CONNECTION=@@COLLATION_CONNECTION */;
/*!40101 SET NAMES utf8mb4 */;

--
-- Base de datos: `acopi`
--

-- --------------------------------------------------------

--
-- Estructura de tabla para la tabla `categorias`
--

CREATE TABLE `categorias` (
  `id_categoria` int(11) NOT NULL,
  `nombre_categoria` text COLLATE utf8_spanish_ci NOT NULL
) ENGINE=InnoDB DEFAULT CHARSET=utf8 COLLATE=utf8_spanish_ci;

--
-- Volcado de datos para la tabla `categorias`
--

INSERT INTO `categorias` (`id_categoria`, `nombre_categoria`) VALUES
(1, 'Noticias'),
(2, 'Capacitación'),
(3, 'Otros');

-- --------------------------------------------------------

--
-- Estructura de tabla para la tabla `failed_jobs`
--

CREATE TABLE `failed_jobs` (
  `id` bigint(20) UNSIGNED NOT NULL,
  `uuid` varchar(255) COLLATE utf8mb4_unicode_ci NOT NULL,
  `connection` text COLLATE utf8mb4_unicode_ci NOT NULL,
  `queue` text COLLATE utf8mb4_unicode_ci NOT NULL,
  `payload` longtext COLLATE utf8mb4_unicode_ci NOT NULL,
  `exception` longtext COLLATE utf8mb4_unicode_ci NOT NULL,
  `failed_at` timestamp NOT NULL DEFAULT current_timestamp()
) ENGINE=InnoDB DEFAULT CHARSET=utf8mb4 COLLATE=utf8mb4_unicode_ci;

-- --------------------------------------------------------

--
-- Estructura de tabla para la tabla `interesados`
--

CREATE TABLE `interesados` (
  `id` int(11) NOT NULL,
  `nombre_interesado` text COLLATE utf8_spanish_ci NOT NULL,
  `empresa_interesado` text COLLATE utf8_spanish_ci NOT NULL,
  `email_interesado` text COLLATE utf8_spanish_ci NOT NULL,
  `telefono_interesado` text COLLATE utf8_spanish_ci NOT NULL,
  `foto_interesado` text COLLATE utf8_spanish_ci NOT NULL,
  `create_at` timestamp NULL DEFAULT NULL,
  `update_at` timestamp NULL DEFAULT NULL
) ENGINE=InnoDB DEFAULT CHARSET=utf8 COLLATE=utf8_spanish_ci;

--
-- Volcado de datos para la tabla `interesados`
--

INSERT INTO `interesados` (`id`, `nombre_interesado`, `empresa_interesado`, `email_interesado`, `telefono_interesado`, `foto_interesado`, `create_at`, `update_at`) VALUES
(1, 'Andrés Soto', 'CompuCell', 'andres@gmail.com', '5724597', 'images/usuarios/8079.jpg', NULL, NULL);

-- --------------------------------------------------------

--
-- Estructura de tabla para la tabla `migrations`
--

CREATE TABLE `migrations` (
  `id` int(10) UNSIGNED NOT NULL,
  `migration` varchar(255) COLLATE utf8mb4_unicode_ci NOT NULL,
  `batch` int(11) NOT NULL
) ENGINE=InnoDB DEFAULT CHARSET=utf8mb4 COLLATE=utf8mb4_unicode_ci;

--
-- Volcado de datos para la tabla `migrations`
--

INSERT INTO `migrations` (`id`, `migration`, `batch`) VALUES
(1, '2014_10_12_000000_create_users_table', 1),
(2, '2014_10_12_100000_create_password_resets_table', 1),
(3, '2019_08_19_000000_create_failed_jobs_table', 1),
(4, '2019_12_14_000001_create_personal_access_tokens_table', 1);

-- --------------------------------------------------------

--
-- Estructura de tabla para la tabla `noticias`
--

CREATE TABLE `noticias` (
  `id` int(11) NOT NULL,
  `categoria` int(11) NOT NULL,
  `portada_noticia` text COLLATE utf8_spanish_ci NOT NULL,
  `titulo` varchar(200) COLLATE utf8_spanish_ci NOT NULL,
  `descripcion_noticia` text COLLATE utf8_spanish_ci NOT NULL,
  `p_claves_noticia` text COLLATE utf8_spanish_ci NOT NULL,
  `ruta_noticia` text COLLATE utf8_spanish_ci NOT NULL,
  `contenido_noticia` text COLLATE utf8_spanish_ci NOT NULL,
  `vistas_noticia` int(11) DEFAULT NULL,
  `destacado` tinyint(1) NOT NULL DEFAULT 0,
  `fecha_noticia` timestamp NOT NULL DEFAULT current_timestamp() ON UPDATE current_timestamp()
) ENGINE=InnoDB DEFAULT CHARSET=utf8 COLLATE=utf8_spanish_ci;

--
-- Volcado de datos para la tabla `noticias`
--

INSERT INTO `noticias` (`id`, `categoria`, `portada_noticia`, `titulo`, `descripcion_noticia`, `p_claves_noticia`, `ruta_noticia`, `contenido_noticia`, `vistas_noticia`, `destacado`, `fecha_noticia`) VALUES
(1, 2, '../images/noticias/1.jpeg', '66° CONGRESO NACIONAL: EMPRESAS PARA EL DESARROLLO SOCIAL 70 AÑOS DE ACOPI: LA MIPYME, DINAMIZADORA SOCIAL Y ECONÓMICA DE COLOMBIA', 'Mauris lobortis magna erat varius enim vestibulum aliquam consequat mauris dliquam ligula faucibus imperdiet tortor. ', '[acopi, congreso, microempresarios, agremiacion]', 'congreso-70-acopi', '                ', NULL, 0, '2021-09-27 21:30:17'),
(2, 1, 'images/noticias/2.jpeg', 'Reactivación de empresa', 'Mauris lobortis magna erat varius enim vestibulum aliquam consequat mauris dliquam ligula faucibus imperdiet tortor. ', '[acopi, congreso, microempresarios, agremiacion]', 'noticia-2', ' ', NULL, 0, '2021-09-27 21:57:22'),
(3, 1, 'images/noticias/3.jpg', 'Aprobación de creditos', 'Mauris lobortis magna erat varius enim vestibulum aliquam consequat mauris dliquam ligula faucibus imperdiet tortor. ', '[acopi, congreso, microempresarios, agremiacion]', 'noticia-3', ' ', NULL, 0, '2021-09-27 21:57:07'),
(4, 3, 'images/noticias/4.jpg', 'ACOPI Cesar celebra el festival vallenato 2021 ', 'Mauris lobortis magna erat varius enim vestibulum aliquam consequat mauris dliquam ligula faucibus imperdiet tortor. ', '[acopi, congreso, microempresarios, agremiacion]', 'noticia-4', ' ', NULL, 0, '2021-09-27 20:58:07'),
(5, 2, 'images/noticias/5.jpg', 'Congreso regional de microempresarios en Barranquilla - Colombia', 'Mauris lobortis magna erat varius enim vestibulum aliquam consequat mauris dliquam ligula faucibus imperdiet tortor. ', '[acopi, congreso, microempresarios, agremiacion]', 'noticia-5', ' ', NULL, 0, '2021-09-27 20:58:08'),
(6, 3, 'images/noticias/6.jpg', 'Feria de gastronomía local organizada por la Alcaldía de Valledupar', 'Mauris lobortis magna erat varius enim vestibulum aliquam consequat mauris dliquam ligula faucibus imperdiet tortor. ', '[acopi, congreso, microempresarios, agremiacion]', 'noticia-6', ' ', NULL, 0, '2021-09-27 21:56:51'),
(7, 1, 'images/noticias/7.jpg', 'Ponte al día con la cuota de sostenimiento', 'Mauris lobortis magna erat varius enim vestibulum aliquam consequat mauris dliquam ligula faucibus imperdiet tortor. ', '[acopi, congreso, microempresarios, agremiacion]', 'noticia-7', ' ', NULL, 0, '2021-09-27 21:56:36'),
(8, 1, 'images/noticias/8.jpg', 'Rendición de cuentas - ACOPI Nacional', 'Mauris lobortis magna erat varius enim vestibulum aliquam consequat mauris dliquam ligula faucibus imperdiet tortor. ', '[acopi, congreso, microempresarios, agremiacion]', 'noticia-8', ' ', NULL, 1, '2021-09-28 02:13:49'),
(9, 1, 'images/noticias/9.jpg', 'Subsidios Post cuarentena obligatoria, otorgados por el gobierno nacional', 'Mauris lobortis magna erat varius enim vestibulum aliquam consequat mauris dliquam ligula faucibus imperdiet tortor. ', '[acopi, congreso, microempresarios, agremiacion]', 'noticia-9', ' ', NULL, 0, '2021-09-27 20:58:09'),
(10, 3, 'images/noticias/10.jpg', 'Cuenta la historia de tu emprendimiento en nuestro canal de Youtube', 'Mauris lobortis magna erat varius enim vestibulum aliquam consequat mauris dliquam ligula faucibus imperdiet tortor. ', '[acopi, congreso, microempresarios, agremiacion]', 'noticia-10', ' ', NULL, 0, '2021-09-27 20:58:10'),
(11, 1, 'images/noticias/1.jpeg', 'El desempleo en el Cesar dismuniye un 5,8%', 'Mauris lobortis magna erat varius enim vestibulum aliquam consequat mauris dliquam ligula faucibus imperdiet tortor. ', '[acopi, congreso, microempresarios, agremiacion]', 'noticia-11', '<p class=\"text-justify\">Desde hace 70 años, ACOPI ha sido reconocida como un gremio dinámico, respetuoso y dispuesto a la construcción\n                colectiva. Hoy, seguimos conservando esa posición, donde la sociedad, las instituciones públicas y privadas\n                exaltan la labor gremial, representando no sólo a nuestros afiliados sino también a todas las MiPymes del país\n                que se benefician con nuestra gestión.\n            </p>\n            <p class=\"text-justify\">Empresas para el desarrollo social, nombre que enmarca nuestro 66º Congreso Nacional, resaltando el papel\n                dinamizador del segmento MiPyme colombiano, por lo que conservarlo y desarrollarlo es un propósito común.\n                Dar a conocer las acciones que realizan los empresarios frente a los retos de transformación que como país\n                venimos enfrentando será la labor durante estos dos días de Congreso como instrumento de dialogo constructivo.\n            </p>\n            <p class=\"text-justify\">Resaltamos el papel fundamental de la rama legislativa y ejecutiva, así como el de los futuros candidatos\n                presidenciales, en los retos que debemos trabajar a través de diálogos constructivos e incluyentes, donde\n                se establezcan rutas eficaces, cerrando brechas competitivas y sociales.\n            </p>\n            <p class=\"text-justify\">Por esta razón, desde ACOPI presentamos las siguientes propuestas:\n            </p>\n            <p class=\"text-justify\">Reforma Laboral Estructural:\n            </p>\n            <p class=\"text-justify\">Trabajo por unidad de tiempo.</p>\n            <p class=\"text-justify\"> Eliminación del periodo mínimo de cotización para el reconocimiento y pago de incapacidades por enfermedad\n                común.</p>\n            <p class=\"text-justify\">Adopción de un preaviso por parte del trabajador </p>\n            <p class=\"text-justify\">Mayor optimización de los aportes del sector empresarial a las cajas de compensación. Teniendo en cuenta\n                que las cajas de compensación fueron creadas para el beneficio de los empleados, desde el sector empresarial\n                se vería de manera positiva que se destine un porcentaje de los aportes al cumplimiento de ciertas\n                obligaciones que benefician a los trabajadores a cargo del sector empresarial, entre estas: organizar y\n                realizar la jornada denominada día de la familia, espacio creado para que el trabajador pueda compartir\n                mayor tiempo con esta; elaborar y adaptar programas dirigidos a la realización de actividades recreativas,\n                culturales, deportivas o de capacitación; al cierre de brechas de capital humano fortaleciendo competencias\n                tecnológicas, habilidades blandas, readaptación laboral; realización de la valoración anual de los factores\n                de riesgo psicosocial.\n            </p>\n            <p class=\"text-justify\">Pago de prestaciones sociales proporcional al ingreso del trabajador.</p>\n            <p class=\"text-justify\"> 2. Disminuir los costos indirectos a la nómina a través de la exoneración del pago del 4×1000 a las\n                transacciones relacionadas con la contratación y pagos laborales.\n            </p>\n            <p class=\"text-justify\">3. Tarifa diferencial del 33% en el Impuesto de la Renta en la Nueva Reforma Tributaria. Proposición que\n                busca alivianar los efectos generados en la pandemia por el COVID-19.\n            </p>\n            <p class=\"text-justify\">4. Programa Temporal de Empleo de Emergencia, que priorice la contratación de trabajadores no calificados,\n                para el desarrollo de actividades de reparación, recuperación y rehabilitación de infraestructura básica\n                de las zonas rurales o urbanas. Con el fin de disminuir el desempleo.\n            </p>\n            <p class=\"text-justify\">5. Flexibilizar las condiciones para el acceso de las MiPymes a recursos de financiación.\n            </p>\n            <p class=\"text-justify\">El día 26 de agosto, nuestra primera jornada denominada “Constructores de la nueva realidad social” contará\n                con la presencia del Dr. Jairo Pulecio, Presidente de la Junta Nacional de ACOPI; Dr. José O´Meara,\n                Director General de Colombia Comprar Eficiente; la Dra. Lucia Cusmano, Directora de las Pymes de la OCDE;\n                Dr. Aurelio Mejía, Viceministro encargado de Desarrollo Empresarial; Dra. Martha Lucía Ramírez,\n                Vicepresidente de la República de Colombia y Ministra de Relaciones exteriores.\n            </p>\n            <p class=\"text-justify\">La segunda jornada llamada “Experiencias que suman” contará con la presencia del Dr. Andrés García, Director\n                de Ventas del Segmento de Mediana y Pequeñas Empresas; Dra. Lucia Manfredi, Experta Politóloga; Sacerdote\n                Francisco de Roux; Tatyana Orozco, Presidente de Arena del Rio; Dra. Alejandra Botero, Directora DNP;\n                Dr. Mauricio Toro, Presidente Comisión por el Emprendimiento; Dr. Carlos Mario Estrada Molina, Director\n                General SENA; Dr. Guillermo Cáez, Presidente Asociación Nacional de Emprendedores de Colombia; Dr. Camilo\n                Guzmán, Director Ejecutivo Libertank. La cual, tiene como objetivo principal abrir un espacio de diálogo\n                constructivo frente a la nueva realidad que aquejan a las diferentes instituciones.\n            </p>\n            <p class=\"text-justify\">    En nuestro segundo día de congreso se desarrollará el tercer bloque llamado “Retos económicos y sociales”\n                donde nos acompañará el Dr. Ángel Custodio Cabrera, Ministro de Trabajo; Dr. Raúl José Buitrago, Presidente\n                del Fondo Nacional de Garantías; Dr. David Ortiz Díaz, CEO de SIIGO; Dr. Edgar Julián Gálvez, Universidad\n                del Valle – FAEDPYME; Dr. Domingo García, Universidad Politécnica de Cartagena – FAEDPYME. Este último\n                bloque se enfocará en los retos que corresponde asumir para recuperar los indicadores económicos y cerrar\n                las brechas sociales agravadas por el impacto de la pandemia.\n            </p>\n            <p class=\"text-justify\">    Para finalizar nuestro congreso, la clausura estará a cargo del Presidente de la República Dr. Iván\n                Duque Márquez en compañía de la Dra. Rosmery Quintero, Presidente Nacional ACOPI.\n            </p>\n            <p class=\"text-justify\">¡Bienvenidos a nuestro 66º Congreso Nacional: Empresas para el Desarrollo Social en el marco de la\n                celebración de nuestros 70 años!\n            </p>', NULL, 1, '2021-09-28 02:14:12'),
(12, 2, 'images/noticias/2.jpeg', 'Congreso Local en Valledupar', 'Mauris lobortis magna erat varius enim vestibulum aliquam consequat mauris dliquam ligula faucibus imperdiet tortor. ', '[acopi, congreso, microempresarios, agremiacion]', 'noticia-12', '<p class=\"text-justify\">Desde hace 70 años, ACOPI ha sido reconocida como un gremio dinámico, respetuoso y dispuesto a la construcción\n                colectiva. Hoy, seguimos conservando esa posición, donde la sociedad, las instituciones públicas y privadas\n                exaltan la labor gremial, representando no sólo a nuestros afiliados sino también a todas las MiPymes del país\n                que se benefician con nuestra gestión.\n            </p>\n            <p class=\"text-justify\">Empresas para el desarrollo social, nombre que enmarca nuestro 66º Congreso Nacional, resaltando el papel\n                dinamizador del segmento MiPyme colombiano, por lo que conservarlo y desarrollarlo es un propósito común.\n                Dar a conocer las acciones que realizan los empresarios frente a los retos de transformación que como país\n                venimos enfrentando será la labor durante estos dos días de Congreso como instrumento de dialogo constructivo.\n            </p>\n            <p class=\"text-justify\">Resaltamos el papel fundamental de la rama legislativa y ejecutiva, así como el de los futuros candidatos\n                presidenciales, en los retos que debemos trabajar a través de diálogos constructivos e incluyentes, donde\n                se establezcan rutas eficaces, cerrando brechas competitivas y sociales.\n            </p>\n            <p class=\"text-justify\">Por esta razón, desde ACOPI presentamos las siguientes propuestas:\n            </p>\n            <p class=\"text-justify\">Reforma Laboral Estructural:\n            </p>\n            <p class=\"text-justify\">Trabajo por unidad de tiempo.</p>\n            <p class=\"text-justify\"> Eliminación del periodo mínimo de cotización para el reconocimiento y pago de incapacidades por enfermedad\n                común.</p>\n            <p class=\"text-justify\">Adopción de un preaviso por parte del trabajador </p>\n            <p class=\"text-justify\">Mayor optimización de los aportes del sector empresarial a las cajas de compensación. Teniendo en cuenta\n                que las cajas de compensación fueron creadas para el beneficio de los empleados, desde el sector empresarial\n                se vería de manera positiva que se destine un porcentaje de los aportes al cumplimiento de ciertas\n                obligaciones que benefician a los trabajadores a cargo del sector empresarial, entre estas: organizar y\n                realizar la jornada denominada día de la familia, espacio creado para que el trabajador pueda compartir\n                mayor tiempo con esta; elaborar y adaptar programas dirigidos a la realización de actividades recreativas,\n                culturales, deportivas o de capacitación; al cierre de brechas de capital humano fortaleciendo competencias\n                tecnológicas, habilidades blandas, readaptación laboral; realización de la valoración anual de los factores\n                de riesgo psicosocial.\n            </p>\n            <p class=\"text-justify\">Pago de prestaciones sociales proporcional al ingreso del trabajador.</p>\n            <p class=\"text-justify\"> 2. Disminuir los costos indirectos a la nómina a través de la exoneración del pago del 4×1000 a las\n                transacciones relacionadas con la contratación y pagos laborales.\n            </p>\n            <p class=\"text-justify\">3. Tarifa diferencial del 33% en el Impuesto de la Renta en la Nueva Reforma Tributaria. Proposición que\n                busca alivianar los efectos generados en la pandemia por el COVID-19.\n            </p>\n            <p class=\"text-justify\">4. Programa Temporal de Empleo de Emergencia, que priorice la contratación de trabajadores no calificados,\n                para el desarrollo de actividades de reparación, recuperación y rehabilitación de infraestructura básica\n                de las zonas rurales o urbanas. Con el fin de disminuir el desempleo.\n            </p>\n            <p class=\"text-justify\">5. Flexibilizar las condiciones para el acceso de las MiPymes a recursos de financiación.\n            </p>\n            <p class=\"text-justify\">El día 26 de agosto, nuestra primera jornada denominada “Constructores de la nueva realidad social” contará\n                con la presencia del Dr. Jairo Pulecio, Presidente de la Junta Nacional de ACOPI; Dr. José O´Meara,\n                Director General de Colombia Comprar Eficiente; la Dra. Lucia Cusmano, Directora de las Pymes de la OCDE;\n                Dr. Aurelio Mejía, Viceministro encargado de Desarrollo Empresarial; Dra. Martha Lucía Ramírez,\n                Vicepresidente de la República de Colombia y Ministra de Relaciones exteriores.\n            </p>\n            <p class=\"text-justify\">La segunda jornada llamada “Experiencias que suman” contará con la presencia del Dr. Andrés García, Director\n                de Ventas del Segmento de Mediana y Pequeñas Empresas; Dra. Lucia Manfredi, Experta Politóloga; Sacerdote\n                Francisco de Roux; Tatyana Orozco, Presidente de Arena del Rio; Dra. Alejandra Botero, Directora DNP;\n                Dr. Mauricio Toro, Presidente Comisión por el Emprendimiento; Dr. Carlos Mario Estrada Molina, Director\n                General SENA; Dr. Guillermo Cáez, Presidente Asociación Nacional de Emprendedores de Colombia; Dr. Camilo\n                Guzmán, Director Ejecutivo Libertank. La cual, tiene como objetivo principal abrir un espacio de diálogo\n                constructivo frente a la nueva realidad que aquejan a las diferentes instituciones.\n            </p>\n            <p class=\"text-justify\">    En nuestro segundo día de congreso se desarrollará el tercer bloque llamado “Retos económicos y sociales”\n                donde nos acompañará el Dr. Ángel Custodio Cabrera, Ministro de Trabajo; Dr. Raúl José Buitrago, Presidente\n                del Fondo Nacional de Garantías; Dr. David Ortiz Díaz, CEO de SIIGO; Dr. Edgar Julián Gálvez, Universidad\n                del Valle – FAEDPYME; Dr. Domingo García, Universidad Politécnica de Cartagena – FAEDPYME. Este último\n                bloque se enfocará en los retos que corresponde asumir para recuperar los indicadores económicos y cerrar\n                las brechas sociales agravadas por el impacto de la pandemia.\n            </p>\n            <p class=\"text-justify\">    Para finalizar nuestro congreso, la clausura estará a cargo del Presidente de la República Dr. Iván\n                Duque Márquez en compañía de la Dra. Rosmery Quintero, Presidente Nacional ACOPI.\n            </p>\n            <p class=\"text-justify\">¡Bienvenidos a nuestro 66º Congreso Nacional: Empresas para el Desarrollo Social en el marco de la\n                celebración de nuestros 70 años!\n            </p>', NULL, 1, '2021-09-28 02:14:32'),
(13, 2, 'images/noticias/3.jpg', '66° CONGRESO NACIONAL: EMPRESAS PARA EL DESARROLLO SOCIAL 70 AÑOS\n                                DE ACOPI: LA MIPYME, DINAMIZADORA SOCIAL Y ECONÓMICA DE COLOMBIA', 'Mauris lobortis magna erat varius enim vestibulum aliquam consequat mauris dliquam ligula faucibus imperdiet tortor. ', '[acopi, congreso, microempresarios, agremiacion]', 'noticia-13', '<p class=\"text-justify\">Desde hace 70 años, ACOPI ha sido reconocida como un gremio dinámico, respetuoso y dispuesto a la construcción\n                colectiva. Hoy, seguimos conservando esa posición, donde la sociedad, las instituciones públicas y privadas\n                exaltan la labor gremial, representando no sólo a nuestros afiliados sino también a todas las MiPymes del país\n                que se benefician con nuestra gestión.\n            </p>\n            <p class=\"text-justify\">Empresas para el desarrollo social, nombre que enmarca nuestro 66º Congreso Nacional, resaltando el papel\n                dinamizador del segmento MiPyme colombiano, por lo que conservarlo y desarrollarlo es un propósito común.\n                Dar a conocer las acciones que realizan los empresarios frente a los retos de transformación que como país\n                venimos enfrentando será la labor durante estos dos días de Congreso como instrumento de dialogo constructivo.\n            </p>\n            <p class=\"text-justify\">Resaltamos el papel fundamental de la rama legislativa y ejecutiva, así como el de los futuros candidatos\n                presidenciales, en los retos que debemos trabajar a través de diálogos constructivos e incluyentes, donde\n                se establezcan rutas eficaces, cerrando brechas competitivas y sociales.\n            </p>\n            <p class=\"text-justify\">Por esta razón, desde ACOPI presentamos las siguientes propuestas:\n            </p>\n            <p class=\"text-justify\">Reforma Laboral Estructural:\n            </p>\n            <p class=\"text-justify\">Trabajo por unidad de tiempo.</p>\n            <p class=\"text-justify\"> Eliminación del periodo mínimo de cotización para el reconocimiento y pago de incapacidades por enfermedad\n                común.</p>\n            <p class=\"text-justify\">Adopción de un preaviso por parte del trabajador </p>\n            <p class=\"text-justify\">Mayor optimización de los aportes del sector empresarial a las cajas de compensación. Teniendo en cuenta\n                que las cajas de compensación fueron creadas para el beneficio de los empleados, desde el sector empresarial\n                se vería de manera positiva que se destine un porcentaje de los aportes al cumplimiento de ciertas\n                obligaciones que benefician a los trabajadores a cargo del sector empresarial, entre estas: organizar y\n                realizar la jornada denominada día de la familia, espacio creado para que el trabajador pueda compartir\n                mayor tiempo con esta; elaborar y adaptar programas dirigidos a la realización de actividades recreativas,\n                culturales, deportivas o de capacitación; al cierre de brechas de capital humano fortaleciendo competencias\n                tecnológicas, habilidades blandas, readaptación laboral; realización de la valoración anual de los factores\n                de riesgo psicosocial.\n            </p>\n            <p class=\"text-justify\">Pago de prestaciones sociales proporcional al ingreso del trabajador.</p>\n            <p class=\"text-justify\"> 2. Disminuir los costos indirectos a la nómina a través de la exoneración del pago del 4×1000 a las\n                transacciones relacionadas con la contratación y pagos laborales.\n            </p>\n            <p class=\"text-justify\">3. Tarifa diferencial del 33% en el Impuesto de la Renta en la Nueva Reforma Tributaria. Proposición que\n                busca alivianar los efectos generados en la pandemia por el COVID-19.\n            </p>\n            <p class=\"text-justify\">4. Programa Temporal de Empleo de Emergencia, que priorice la contratación de trabajadores no calificados,\n                para el desarrollo de actividades de reparación, recuperación y rehabilitación de infraestructura básica\n                de las zonas rurales o urbanas. Con el fin de disminuir el desempleo.\n            </p>\n            <p class=\"text-justify\">5. Flexibilizar las condiciones para el acceso de las MiPymes a recursos de financiación.\n            </p>\n            <p class=\"text-justify\">El día 26 de agosto, nuestra primera jornada denominada “Constructores de la nueva realidad social” contará\n                con la presencia del Dr. Jairo Pulecio, Presidente de la Junta Nacional de ACOPI; Dr. José O´Meara,\n                Director General de Colombia Comprar Eficiente; la Dra. Lucia Cusmano, Directora de las Pymes de la OCDE;\n                Dr. Aurelio Mejía, Viceministro encargado de Desarrollo Empresarial; Dra. Martha Lucía Ramírez,\n                Vicepresidente de la República de Colombia y Ministra de Relaciones exteriores.\n            </p>\n            <p class=\"text-justify\">La segunda jornada llamada “Experiencias que suman” contará con la presencia del Dr. Andrés García, Director\n                de Ventas del Segmento de Mediana y Pequeñas Empresas; Dra. Lucia Manfredi, Experta Politóloga; Sacerdote\n                Francisco de Roux; Tatyana Orozco, Presidente de Arena del Rio; Dra. Alejandra Botero, Directora DNP;\n                Dr. Mauricio Toro, Presidente Comisión por el Emprendimiento; Dr. Carlos Mario Estrada Molina, Director\n                General SENA; Dr. Guillermo Cáez, Presidente Asociación Nacional de Emprendedores de Colombia; Dr. Camilo\n                Guzmán, Director Ejecutivo Libertank. La cual, tiene como objetivo principal abrir un espacio de diálogo\n                constructivo frente a la nueva realidad que aquejan a las diferentes instituciones.\n            </p>\n            <p class=\"text-justify\">    En nuestro segundo día de congreso se desarrollará el tercer bloque llamado “Retos económicos y sociales”\n                donde nos acompañará el Dr. Ángel Custodio Cabrera, Ministro de Trabajo; Dr. Raúl José Buitrago, Presidente\n                del Fondo Nacional de Garantías; Dr. David Ortiz Díaz, CEO de SIIGO; Dr. Edgar Julián Gálvez, Universidad\n                del Valle – FAEDPYME; Dr. Domingo García, Universidad Politécnica de Cartagena – FAEDPYME. Este último\n                bloque se enfocará en los retos que corresponde asumir para recuperar los indicadores económicos y cerrar\n                las brechas sociales agravadas por el impacto de la pandemia.\n            </p>\n            <p class=\"text-justify\">    Para finalizar nuestro congreso, la clausura estará a cargo del Presidente de la República Dr. Iván\n                Duque Márquez en compañía de la Dra. Rosmery Quintero, Presidente Nacional ACOPI.\n            </p>\n            <p class=\"text-justify\">¡Bienvenidos a nuestro 66º Congreso Nacional: Empresas para el Desarrollo Social en el marco de la\n                celebración de nuestros 70 años!\n            </p>', NULL, 0, '2021-09-26 23:02:46'),
(14, 2, 'images/noticias/4.jpg', '66° CONGRESO NACIONAL: EMPRESAS PARA EL DESARROLLO SOCIAL 70 AÑOS\n                                DE ACOPI: LA MIPYME, DINAMIZADORA SOCIAL Y ECONÓMICA DE COLOMBIA', 'Mauris lobortis magna erat varius enim vestibulum aliquam consequat mauris dliquam ligula faucibus imperdiet tortor. ', '[acopi, congreso, microempresarios, agremiacion]', 'noticia-14', '<p class=\"text-justify\">Desde hace 70 años, ACOPI ha sido reconocida como un gremio dinámico, respetuoso y dispuesto a la construcción\n                colectiva. Hoy, seguimos conservando esa posición, donde la sociedad, las instituciones públicas y privadas\n                exaltan la labor gremial, representando no sólo a nuestros afiliados sino también a todas las MiPymes del país\n                que se benefician con nuestra gestión.\n            </p>\n            <p class=\"text-justify\">Empresas para el desarrollo social, nombre que enmarca nuestro 66º Congreso Nacional, resaltando el papel\n                dinamizador del segmento MiPyme colombiano, por lo que conservarlo y desarrollarlo es un propósito común.\n                Dar a conocer las acciones que realizan los empresarios frente a los retos de transformación que como país\n                venimos enfrentando será la labor durante estos dos días de Congreso como instrumento de dialogo constructivo.\n            </p>\n            <p class=\"text-justify\">Resaltamos el papel fundamental de la rama legislativa y ejecutiva, así como el de los futuros candidatos\n                presidenciales, en los retos que debemos trabajar a través de diálogos constructivos e incluyentes, donde\n                se establezcan rutas eficaces, cerrando brechas competitivas y sociales.\n            </p>\n            <p class=\"text-justify\">Por esta razón, desde ACOPI presentamos las siguientes propuestas:\n            </p>\n            <p class=\"text-justify\">Reforma Laboral Estructural:\n            </p>\n            <p class=\"text-justify\">Trabajo por unidad de tiempo.</p>\n            <p class=\"text-justify\"> Eliminación del periodo mínimo de cotización para el reconocimiento y pago de incapacidades por enfermedad\n                común.</p>\n            <p class=\"text-justify\">Adopción de un preaviso por parte del trabajador </p>\n            <p class=\"text-justify\">Mayor optimización de los aportes del sector empresarial a las cajas de compensación. Teniendo en cuenta\n                que las cajas de compensación fueron creadas para el beneficio de los empleados, desde el sector empresarial\n                se vería de manera positiva que se destine un porcentaje de los aportes al cumplimiento de ciertas\n                obligaciones que benefician a los trabajadores a cargo del sector empresarial, entre estas: organizar y\n                realizar la jornada denominada día de la familia, espacio creado para que el trabajador pueda compartir\n                mayor tiempo con esta; elaborar y adaptar programas dirigidos a la realización de actividades recreativas,\n                culturales, deportivas o de capacitación; al cierre de brechas de capital humano fortaleciendo competencias\n                tecnológicas, habilidades blandas, readaptación laboral; realización de la valoración anual de los factores\n                de riesgo psicosocial.\n            </p>\n            <p class=\"text-justify\">Pago de prestaciones sociales proporcional al ingreso del trabajador.</p>\n            <p class=\"text-justify\"> 2. Disminuir los costos indirectos a la nómina a través de la exoneración del pago del 4×1000 a las\n                transacciones relacionadas con la contratación y pagos laborales.\n            </p>\n            <p class=\"text-justify\">3. Tarifa diferencial del 33% en el Impuesto de la Renta en la Nueva Reforma Tributaria. Proposición que\n                busca alivianar los efectos generados en la pandemia por el COVID-19.\n            </p>\n            <p class=\"text-justify\">4. Programa Temporal de Empleo de Emergencia, que priorice la contratación de trabajadores no calificados,\n                para el desarrollo de actividades de reparación, recuperación y rehabilitación de infraestructura básica\n                de las zonas rurales o urbanas. Con el fin de disminuir el desempleo.\n            </p>\n            <p class=\"text-justify\">5. Flexibilizar las condiciones para el acceso de las MiPymes a recursos de financiación.\n            </p>\n            <p class=\"text-justify\">El día 26 de agosto, nuestra primera jornada denominada “Constructores de la nueva realidad social” contará\n                con la presencia del Dr. Jairo Pulecio, Presidente de la Junta Nacional de ACOPI; Dr. José O´Meara,\n                Director General de Colombia Comprar Eficiente; la Dra. Lucia Cusmano, Directora de las Pymes de la OCDE;\n                Dr. Aurelio Mejía, Viceministro encargado de Desarrollo Empresarial; Dra. Martha Lucía Ramírez,\n                Vicepresidente de la República de Colombia y Ministra de Relaciones exteriores.\n            </p>\n            <p class=\"text-justify\">La segunda jornada llamada “Experiencias que suman” contará con la presencia del Dr. Andrés García, Director\n                de Ventas del Segmento de Mediana y Pequeñas Empresas; Dra. Lucia Manfredi, Experta Politóloga; Sacerdote\n                Francisco de Roux; Tatyana Orozco, Presidente de Arena del Rio; Dra. Alejandra Botero, Directora DNP;\n                Dr. Mauricio Toro, Presidente Comisión por el Emprendimiento; Dr. Carlos Mario Estrada Molina, Director\n                General SENA; Dr. Guillermo Cáez, Presidente Asociación Nacional de Emprendedores de Colombia; Dr. Camilo\n                Guzmán, Director Ejecutivo Libertank. La cual, tiene como objetivo principal abrir un espacio de diálogo\n                constructivo frente a la nueva realidad que aquejan a las diferentes instituciones.\n            </p>\n            <p class=\"text-justify\">    En nuestro segundo día de congreso se desarrollará el tercer bloque llamado “Retos económicos y sociales”\n                donde nos acompañará el Dr. Ángel Custodio Cabrera, Ministro de Trabajo; Dr. Raúl José Buitrago, Presidente\n                del Fondo Nacional de Garantías; Dr. David Ortiz Díaz, CEO de SIIGO; Dr. Edgar Julián Gálvez, Universidad\n                del Valle – FAEDPYME; Dr. Domingo García, Universidad Politécnica de Cartagena – FAEDPYME. Este último\n                bloque se enfocará en los retos que corresponde asumir para recuperar los indicadores económicos y cerrar\n                las brechas sociales agravadas por el impacto de la pandemia.\n            </p>\n            <p class=\"text-justify\">    Para finalizar nuestro congreso, la clausura estará a cargo del Presidente de la República Dr. Iván\n                Duque Márquez en compañía de la Dra. Rosmery Quintero, Presidente Nacional ACOPI.\n            </p>\n            <p class=\"text-justify\">¡Bienvenidos a nuestro 66º Congreso Nacional: Empresas para el Desarrollo Social en el marco de la\n                celebración de nuestros 70 años!\n            </p>', NULL, 0, '2021-09-26 23:02:52'),
(15, 1, 'images/noticias/5.jpg', 'Reactivación de empresa', 'Mauris lobortis magna erat varius enim vestibulum aliquam consequat mauris dliquam ligula faucibus imperdiet tortor. ', '[acopi, congreso, microempresarios, agremiacion]', 'noticia-15', '<p class=\"text-justify\">Desde hace 70 años, ACOPI ha sido reconocida como un gremio dinámico, respetuoso y dispuesto a la construcción\n                colectiva. Hoy, seguimos conservando esa posición, donde la sociedad, las instituciones públicas y privadas\n                exaltan la labor gremial, representando no sólo a nuestros afiliados sino también a todas las MiPymes del país\n                que se benefician con nuestra gestión.\n            </p>\n            <p class=\"text-justify\">Empresas para el desarrollo social, nombre que enmarca nuestro 66º Congreso Nacional, resaltando el papel\n                dinamizador del segmento MiPyme colombiano, por lo que conservarlo y desarrollarlo es un propósito común.\n                Dar a conocer las acciones que realizan los empresarios frente a los retos de transformación que como país\n                venimos enfrentando será la labor durante estos dos días de Congreso como instrumento de dialogo constructivo.\n            </p>\n            <p class=\"text-justify\">Resaltamos el papel fundamental de la rama legislativa y ejecutiva, así como el de los futuros candidatos\n                presidenciales, en los retos que debemos trabajar a través de diálogos constructivos e incluyentes, donde\n                se establezcan rutas eficaces, cerrando brechas competitivas y sociales.\n            </p>\n            <p class=\"text-justify\">Por esta razón, desde ACOPI presentamos las siguientes propuestas:\n            </p>\n            <p class=\"text-justify\">Reforma Laboral Estructural:\n            </p>\n            <p class=\"text-justify\">Trabajo por unidad de tiempo.</p>\n            <p class=\"text-justify\"> Eliminación del periodo mínimo de cotización para el reconocimiento y pago de incapacidades por enfermedad\n                común.</p>\n            <p class=\"text-justify\">Adopción de un preaviso por parte del trabajador </p>\n            <p class=\"text-justify\">Mayor optimización de los aportes del sector empresarial a las cajas de compensación. Teniendo en cuenta\n                que las cajas de compensación fueron creadas para el beneficio de los empleados, desde el sector empresarial\n                se vería de manera positiva que se destine un porcentaje de los aportes al cumplimiento de ciertas\n                obligaciones que benefician a los trabajadores a cargo del sector empresarial, entre estas: organizar y\n                realizar la jornada denominada día de la familia, espacio creado para que el trabajador pueda compartir\n                mayor tiempo con esta; elaborar y adaptar programas dirigidos a la realización de actividades recreativas,\n                culturales, deportivas o de capacitación; al cierre de brechas de capital humano fortaleciendo competencias\n                tecnológicas, habilidades blandas, readaptación laboral; realización de la valoración anual de los factores\n                de riesgo psicosocial.\n            </p>\n            <p class=\"text-justify\">Pago de prestaciones sociales proporcional al ingreso del trabajador.</p>\n            <p class=\"text-justify\"> 2. Disminuir los costos indirectos a la nómina a través de la exoneración del pago del 4×1000 a las\n                transacciones relacionadas con la contratación y pagos laborales.\n            </p>\n            <p class=\"text-justify\">3. Tarifa diferencial del 33% en el Impuesto de la Renta en la Nueva Reforma Tributaria. Proposición que\n                busca alivianar los efectos generados en la pandemia por el COVID-19.\n            </p>\n            <p class=\"text-justify\">4. Programa Temporal de Empleo de Emergencia, que priorice la contratación de trabajadores no calificados,\n                para el desarrollo de actividades de reparación, recuperación y rehabilitación de infraestructura básica\n                de las zonas rurales o urbanas. Con el fin de disminuir el desempleo.\n            </p>\n            <p class=\"text-justify\">5. Flexibilizar las condiciones para el acceso de las MiPymes a recursos de financiación.\n            </p>\n            <p class=\"text-justify\">El día 26 de agosto, nuestra primera jornada denominada “Constructores de la nueva realidad social” contará\n                con la presencia del Dr. Jairo Pulecio, Presidente de la Junta Nacional de ACOPI; Dr. José O´Meara,\n                Director General de Colombia Comprar Eficiente; la Dra. Lucia Cusmano, Directora de las Pymes de la OCDE;\n                Dr. Aurelio Mejía, Viceministro encargado de Desarrollo Empresarial; Dra. Martha Lucía Ramírez,\n                Vicepresidente de la República de Colombia y Ministra de Relaciones exteriores.\n            </p>\n            <p class=\"text-justify\">La segunda jornada llamada “Experiencias que suman” contará con la presencia del Dr. Andrés García, Director\n                de Ventas del Segmento de Mediana y Pequeñas Empresas; Dra. Lucia Manfredi, Experta Politóloga; Sacerdote\n                Francisco de Roux; Tatyana Orozco, Presidente de Arena del Rio; Dra. Alejandra Botero, Directora DNP;\n                Dr. Mauricio Toro, Presidente Comisión por el Emprendimiento; Dr. Carlos Mario Estrada Molina, Director\n                General SENA; Dr. Guillermo Cáez, Presidente Asociación Nacional de Emprendedores de Colombia; Dr. Camilo\n                Guzmán, Director Ejecutivo Libertank. La cual, tiene como objetivo principal abrir un espacio de diálogo\n                constructivo frente a la nueva realidad que aquejan a las diferentes instituciones.\n            </p>\n            <p class=\"text-justify\">    En nuestro segundo día de congreso se desarrollará el tercer bloque llamado “Retos económicos y sociales”\n                donde nos acompañará el Dr. Ángel Custodio Cabrera, Ministro de Trabajo; Dr. Raúl José Buitrago, Presidente\n                del Fondo Nacional de Garantías; Dr. David Ortiz Díaz, CEO de SIIGO; Dr. Edgar Julián Gálvez, Universidad\n                del Valle – FAEDPYME; Dr. Domingo García, Universidad Politécnica de Cartagena – FAEDPYME. Este último\n                bloque se enfocará en los retos que corresponde asumir para recuperar los indicadores económicos y cerrar\n                las brechas sociales agravadas por el impacto de la pandemia.\n            </p>\n            <p class=\"text-justify\">    Para finalizar nuestro congreso, la clausura estará a cargo del Presidente de la República Dr. Iván\n                Duque Márquez en compañía de la Dra. Rosmery Quintero, Presidente Nacional ACOPI.\n            </p>\n            <p class=\"text-justify\">¡Bienvenidos a nuestro 66º Congreso Nacional: Empresas para el Desarrollo Social en el marco de la\n                celebración de nuestros 70 años!\n            </p>', NULL, 0, '2021-09-27 21:56:06'),
(16, 1, 'images/noticias/6.jpg', 'Aprobación de creditos', 'Mauris lobortis magna erat varius enim vestibulum aliquam consequat mauris dliquam ligula faucibus imperdiet tortor. ', '[acopi, congreso, microempresarios, agremiacion]', 'noticia-16', '<p class=\"text-justify\">Desde hace 70 años, ACOPI ha sido reconocida como un gremio dinámico, respetuoso y dispuesto a la construcción\n                colectiva. Hoy, seguimos conservando esa posición, donde la sociedad, las instituciones públicas y privadas\n                exaltan la labor gremial, representando no sólo a nuestros afiliados sino también a todas las MiPymes del país\n                que se benefician con nuestra gestión.\n            </p>\n            <p class=\"text-justify\">Empresas para el desarrollo social, nombre que enmarca nuestro 66º Congreso Nacional, resaltando el papel\n                dinamizador del segmento MiPyme colombiano, por lo que conservarlo y desarrollarlo es un propósito común.\n                Dar a conocer las acciones que realizan los empresarios frente a los retos de transformación que como país\n                venimos enfrentando será la labor durante estos dos días de Congreso como instrumento de dialogo constructivo.\n            </p>\n            <p class=\"text-justify\">Resaltamos el papel fundamental de la rama legislativa y ejecutiva, así como el de los futuros candidatos\n                presidenciales, en los retos que debemos trabajar a través de diálogos constructivos e incluyentes, donde\n                se establezcan rutas eficaces, cerrando brechas competitivas y sociales.\n            </p>\n            <p class=\"text-justify\">Por esta razón, desde ACOPI presentamos las siguientes propuestas:\n            </p>\n            <p class=\"text-justify\">Reforma Laboral Estructural:\n            </p>\n            <p class=\"text-justify\">Trabajo por unidad de tiempo.</p>\n            <p class=\"text-justify\"> Eliminación del periodo mínimo de cotización para el reconocimiento y pago de incapacidades por enfermedad\n                común.</p>\n            <p class=\"text-justify\">Adopción de un preaviso por parte del trabajador </p>\n            <p class=\"text-justify\">Mayor optimización de los aportes del sector empresarial a las cajas de compensación. Teniendo en cuenta\n                que las cajas de compensación fueron creadas para el beneficio de los empleados, desde el sector empresarial\n                se vería de manera positiva que se destine un porcentaje de los aportes al cumplimiento de ciertas\n                obligaciones que benefician a los trabajadores a cargo del sector empresarial, entre estas: organizar y\n                realizar la jornada denominada día de la familia, espacio creado para que el trabajador pueda compartir\n                mayor tiempo con esta; elaborar y adaptar programas dirigidos a la realización de actividades recreativas,\n                culturales, deportivas o de capacitación; al cierre de brechas de capital humano fortaleciendo competencias\n                tecnológicas, habilidades blandas, readaptación laboral; realización de la valoración anual de los factores\n                de riesgo psicosocial.\n            </p>\n            <p class=\"text-justify\">Pago de prestaciones sociales proporcional al ingreso del trabajador.</p>\n            <p class=\"text-justify\"> 2. Disminuir los costos indirectos a la nómina a través de la exoneración del pago del 4×1000 a las\n                transacciones relacionadas con la contratación y pagos laborales.\n            </p>\n            <p class=\"text-justify\">3. Tarifa diferencial del 33% en el Impuesto de la Renta en la Nueva Reforma Tributaria. Proposición que\n                busca alivianar los efectos generados en la pandemia por el COVID-19.\n            </p>\n            <p class=\"text-justify\">4. Programa Temporal de Empleo de Emergencia, que priorice la contratación de trabajadores no calificados,\n                para el desarrollo de actividades de reparación, recuperación y rehabilitación de infraestructura básica\n                de las zonas rurales o urbanas. Con el fin de disminuir el desempleo.\n            </p>\n            <p class=\"text-justify\">5. Flexibilizar las condiciones para el acceso de las MiPymes a recursos de financiación.\n            </p>\n            <p class=\"text-justify\">El día 26 de agosto, nuestra primera jornada denominada “Constructores de la nueva realidad social” contará\n                con la presencia del Dr. Jairo Pulecio, Presidente de la Junta Nacional de ACOPI; Dr. José O´Meara,\n                Director General de Colombia Comprar Eficiente; la Dra. Lucia Cusmano, Directora de las Pymes de la OCDE;\n                Dr. Aurelio Mejía, Viceministro encargado de Desarrollo Empresarial; Dra. Martha Lucía Ramírez,\n                Vicepresidente de la República de Colombia y Ministra de Relaciones exteriores.\n            </p>\n            <p class=\"text-justify\">La segunda jornada llamada “Experiencias que suman” contará con la presencia del Dr. Andrés García, Director\n                de Ventas del Segmento de Mediana y Pequeñas Empresas; Dra. Lucia Manfredi, Experta Politóloga; Sacerdote\n                Francisco de Roux; Tatyana Orozco, Presidente de Arena del Rio; Dra. Alejandra Botero, Directora DNP;\n                Dr. Mauricio Toro, Presidente Comisión por el Emprendimiento; Dr. Carlos Mario Estrada Molina, Director\n                General SENA; Dr. Guillermo Cáez, Presidente Asociación Nacional de Emprendedores de Colombia; Dr. Camilo\n                Guzmán, Director Ejecutivo Libertank. La cual, tiene como objetivo principal abrir un espacio de diálogo\n                constructivo frente a la nueva realidad que aquejan a las diferentes instituciones.\n            </p>\n            <p class=\"text-justify\">    En nuestro segundo día de congreso se desarrollará el tercer bloque llamado “Retos económicos y sociales”\n                donde nos acompañará el Dr. Ángel Custodio Cabrera, Ministro de Trabajo; Dr. Raúl José Buitrago, Presidente\n                del Fondo Nacional de Garantías; Dr. David Ortiz Díaz, CEO de SIIGO; Dr. Edgar Julián Gálvez, Universidad\n                del Valle – FAEDPYME; Dr. Domingo García, Universidad Politécnica de Cartagena – FAEDPYME. Este último\n                bloque se enfocará en los retos que corresponde asumir para recuperar los indicadores económicos y cerrar\n                las brechas sociales agravadas por el impacto de la pandemia.\n            </p>\n            <p class=\"text-justify\">    Para finalizar nuestro congreso, la clausura estará a cargo del Presidente de la República Dr. Iván\n                Duque Márquez en compañía de la Dra. Rosmery Quintero, Presidente Nacional ACOPI.\n            </p>\n            <p class=\"text-justify\">¡Bienvenidos a nuestro 66º Congreso Nacional: Empresas para el Desarrollo Social en el marco de la\n                celebración de nuestros 70 años!\n            </p>', NULL, 0, '2021-09-27 21:55:46');
INSERT INTO `noticias` (`id`, `categoria`, `portada_noticia`, `titulo`, `descripcion_noticia`, `p_claves_noticia`, `ruta_noticia`, `contenido_noticia`, `vistas_noticia`, `destacado`, `fecha_noticia`) VALUES
(17, 3, 'images/noticias/7.jpg', 'ACOPI Cesar celebra el festival vallenato 2022', 'Mauris lobortis magna erat varius enim vestibulum aliquam consequat mauris dliquam ligula faucibus imperdiet tortor. ', '[acopi, congreso, microempresarios, agremiacion]', 'noticia-17', '<p class=\"text-justify\">Desde hace 70 años, ACOPI ha sido reconocida como un gremio dinámico, respetuoso y dispuesto a la construcción\n                colectiva. Hoy, seguimos conservando esa posición, donde la sociedad, las instituciones públicas y privadas\n                exaltan la labor gremial, representando no sólo a nuestros afiliados sino también a todas las MiPymes del país\n                que se benefician con nuestra gestión.\n            </p>\n            <p class=\"text-justify\">Empresas para el desarrollo social, nombre que enmarca nuestro 66º Congreso Nacional, resaltando el papel\n                dinamizador del segmento MiPyme colombiano, por lo que conservarlo y desarrollarlo es un propósito común.\n                Dar a conocer las acciones que realizan los empresarios frente a los retos de transformación que como país\n                venimos enfrentando será la labor durante estos dos días de Congreso como instrumento de dialogo constructivo.\n            </p>\n            <p class=\"text-justify\">Resaltamos el papel fundamental de la rama legislativa y ejecutiva, así como el de los futuros candidatos\n                presidenciales, en los retos que debemos trabajar a través de diálogos constructivos e incluyentes, donde\n                se establezcan rutas eficaces, cerrando brechas competitivas y sociales.\n            </p>\n            <p class=\"text-justify\">Por esta razón, desde ACOPI presentamos las siguientes propuestas:\n            </p>\n            <p class=\"text-justify\">Reforma Laboral Estructural:\n            </p>\n            <p class=\"text-justify\">Trabajo por unidad de tiempo.</p>\n            <p class=\"text-justify\"> Eliminación del periodo mínimo de cotización para el reconocimiento y pago de incapacidades por enfermedad\n                común.</p>\n            <p class=\"text-justify\">Adopción de un preaviso por parte del trabajador </p>\n            <p class=\"text-justify\">Mayor optimización de los aportes del sector empresarial a las cajas de compensación. Teniendo en cuenta\n                que las cajas de compensación fueron creadas para el beneficio de los empleados, desde el sector empresarial\n                se vería de manera positiva que se destine un porcentaje de los aportes al cumplimiento de ciertas\n                obligaciones que benefician a los trabajadores a cargo del sector empresarial, entre estas: organizar y\n                realizar la jornada denominada día de la familia, espacio creado para que el trabajador pueda compartir\n                mayor tiempo con esta; elaborar y adaptar programas dirigidos a la realización de actividades recreativas,\n                culturales, deportivas o de capacitación; al cierre de brechas de capital humano fortaleciendo competencias\n                tecnológicas, habilidades blandas, readaptación laboral; realización de la valoración anual de los factores\n                de riesgo psicosocial.\n            </p>\n            <p class=\"text-justify\">Pago de prestaciones sociales proporcional al ingreso del trabajador.</p>\n            <p class=\"text-justify\"> 2. Disminuir los costos indirectos a la nómina a través de la exoneración del pago del 4×1000 a las\n                transacciones relacionadas con la contratación y pagos laborales.\n            </p>\n            <p class=\"text-justify\">3. Tarifa diferencial del 33% en el Impuesto de la Renta en la Nueva Reforma Tributaria. Proposición que\n                busca alivianar los efectos generados en la pandemia por el COVID-19.\n            </p>\n            <p class=\"text-justify\">4. Programa Temporal de Empleo de Emergencia, que priorice la contratación de trabajadores no calificados,\n                para el desarrollo de actividades de reparación, recuperación y rehabilitación de infraestructura básica\n                de las zonas rurales o urbanas. Con el fin de disminuir el desempleo.\n            </p>\n            <p class=\"text-justify\">5. Flexibilizar las condiciones para el acceso de las MiPymes a recursos de financiación.\n            </p>\n            <p class=\"text-justify\">El día 26 de agosto, nuestra primera jornada denominada “Constructores de la nueva realidad social” contará\n                con la presencia del Dr. Jairo Pulecio, Presidente de la Junta Nacional de ACOPI; Dr. José O´Meara,\n                Director General de Colombia Comprar Eficiente; la Dra. Lucia Cusmano, Directora de las Pymes de la OCDE;\n                Dr. Aurelio Mejía, Viceministro encargado de Desarrollo Empresarial; Dra. Martha Lucía Ramírez,\n                Vicepresidente de la República de Colombia y Ministra de Relaciones exteriores.\n            </p>\n            <p class=\"text-justify\">La segunda jornada llamada “Experiencias que suman” contará con la presencia del Dr. Andrés García, Director\n                de Ventas del Segmento de Mediana y Pequeñas Empresas; Dra. Lucia Manfredi, Experta Politóloga; Sacerdote\n                Francisco de Roux; Tatyana Orozco, Presidente de Arena del Rio; Dra. Alejandra Botero, Directora DNP;\n                Dr. Mauricio Toro, Presidente Comisión por el Emprendimiento; Dr. Carlos Mario Estrada Molina, Director\n                General SENA; Dr. Guillermo Cáez, Presidente Asociación Nacional de Emprendedores de Colombia; Dr. Camilo\n                Guzmán, Director Ejecutivo Libertank. La cual, tiene como objetivo principal abrir un espacio de diálogo\n                constructivo frente a la nueva realidad que aquejan a las diferentes instituciones.\n            </p>\n            <p class=\"text-justify\">    En nuestro segundo día de congreso se desarrollará el tercer bloque llamado “Retos económicos y sociales”\n                donde nos acompañará el Dr. Ángel Custodio Cabrera, Ministro de Trabajo; Dr. Raúl José Buitrago, Presidente\n                del Fondo Nacional de Garantías; Dr. David Ortiz Díaz, CEO de SIIGO; Dr. Edgar Julián Gálvez, Universidad\n                del Valle – FAEDPYME; Dr. Domingo García, Universidad Politécnica de Cartagena – FAEDPYME. Este último\n                bloque se enfocará en los retos que corresponde asumir para recuperar los indicadores económicos y cerrar\n                las brechas sociales agravadas por el impacto de la pandemia.\n            </p>\n            <p class=\"text-justify\">    Para finalizar nuestro congreso, la clausura estará a cargo del Presidente de la República Dr. Iván\n                Duque Márquez en compañía de la Dra. Rosmery Quintero, Presidente Nacional ACOPI.\n            </p>\n            <p class=\"text-justify\">¡Bienvenidos a nuestro 66º Congreso Nacional: Empresas para el Desarrollo Social en el marco de la\n                celebración de nuestros 70 años!\n            </p>', NULL, 0, '2021-09-26 23:03:15'),
(18, 2, 'images/noticias/8.jpg', 'Congreso regional de microempresarios en Barranquilla - Colombia', 'Mauris lobortis magna erat varius enim vestibulum aliquam consequat mauris dliquam ligula faucibus imperdiet tortor. ', '[acopi, congreso, microempresarios, agremiacion]', 'noticia-18', '<p class=\"text-justify\">Desde hace 70 años, ACOPI ha sido reconocida como un gremio dinámico, respetuoso y dispuesto a la construcción\n                colectiva. Hoy, seguimos conservando esa posición, donde la sociedad, las instituciones públicas y privadas\n                exaltan la labor gremial, representando no sólo a nuestros afiliados sino también a todas las MiPymes del país\n                que se benefician con nuestra gestión.\n            </p>\n            <p class=\"text-justify\">Empresas para el desarrollo social, nombre que enmarca nuestro 66º Congreso Nacional, resaltando el papel\n                dinamizador del segmento MiPyme colombiano, por lo que conservarlo y desarrollarlo es un propósito común.\n                Dar a conocer las acciones que realizan los empresarios frente a los retos de transformación que como país\n                venimos enfrentando será la labor durante estos dos días de Congreso como instrumento de dialogo constructivo.\n            </p>\n            <p class=\"text-justify\">Resaltamos el papel fundamental de la rama legislativa y ejecutiva, así como el de los futuros candidatos\n                presidenciales, en los retos que debemos trabajar a través de diálogos constructivos e incluyentes, donde\n                se establezcan rutas eficaces, cerrando brechas competitivas y sociales.\n            </p>\n            <p class=\"text-justify\">Por esta razón, desde ACOPI presentamos las siguientes propuestas:\n            </p>\n            <p class=\"text-justify\">Reforma Laboral Estructural:\n            </p>\n            <p class=\"text-justify\">Trabajo por unidad de tiempo.</p>\n            <p class=\"text-justify\"> Eliminación del periodo mínimo de cotización para el reconocimiento y pago de incapacidades por enfermedad\n                común.</p>\n            <p class=\"text-justify\">Adopción de un preaviso por parte del trabajador </p>\n            <p class=\"text-justify\">Mayor optimización de los aportes del sector empresarial a las cajas de compensación. Teniendo en cuenta\n                que las cajas de compensación fueron creadas para el beneficio de los empleados, desde el sector empresarial\n                se vería de manera positiva que se destine un porcentaje de los aportes al cumplimiento de ciertas\n                obligaciones que benefician a los trabajadores a cargo del sector empresarial, entre estas: organizar y\n                realizar la jornada denominada día de la familia, espacio creado para que el trabajador pueda compartir\n                mayor tiempo con esta; elaborar y adaptar programas dirigidos a la realización de actividades recreativas,\n                culturales, deportivas o de capacitación; al cierre de brechas de capital humano fortaleciendo competencias\n                tecnológicas, habilidades blandas, readaptación laboral; realización de la valoración anual de los factores\n                de riesgo psicosocial.\n            </p>\n            <p class=\"text-justify\">Pago de prestaciones sociales proporcional al ingreso del trabajador.</p>\n            <p class=\"text-justify\"> 2. Disminuir los costos indirectos a la nómina a través de la exoneración del pago del 4×1000 a las\n                transacciones relacionadas con la contratación y pagos laborales.\n            </p>\n            <p class=\"text-justify\">3. Tarifa diferencial del 33% en el Impuesto de la Renta en la Nueva Reforma Tributaria. Proposición que\n                busca alivianar los efectos generados en la pandemia por el COVID-19.\n            </p>\n            <p class=\"text-justify\">4. Programa Temporal de Empleo de Emergencia, que priorice la contratación de trabajadores no calificados,\n                para el desarrollo de actividades de reparación, recuperación y rehabilitación de infraestructura básica\n                de las zonas rurales o urbanas. Con el fin de disminuir el desempleo.\n            </p>\n            <p class=\"text-justify\">5. Flexibilizar las condiciones para el acceso de las MiPymes a recursos de financiación.\n            </p>\n            <p class=\"text-justify\">El día 26 de agosto, nuestra primera jornada denominada “Constructores de la nueva realidad social” contará\n                con la presencia del Dr. Jairo Pulecio, Presidente de la Junta Nacional de ACOPI; Dr. José O´Meara,\n                Director General de Colombia Comprar Eficiente; la Dra. Lucia Cusmano, Directora de las Pymes de la OCDE;\n                Dr. Aurelio Mejía, Viceministro encargado de Desarrollo Empresarial; Dra. Martha Lucía Ramírez,\n                Vicepresidente de la República de Colombia y Ministra de Relaciones exteriores.\n            </p>\n            <p class=\"text-justify\">La segunda jornada llamada “Experiencias que suman” contará con la presencia del Dr. Andrés García, Director\n                de Ventas del Segmento de Mediana y Pequeñas Empresas; Dra. Lucia Manfredi, Experta Politóloga; Sacerdote\n                Francisco de Roux; Tatyana Orozco, Presidente de Arena del Rio; Dra. Alejandra Botero, Directora DNP;\n                Dr. Mauricio Toro, Presidente Comisión por el Emprendimiento; Dr. Carlos Mario Estrada Molina, Director\n                General SENA; Dr. Guillermo Cáez, Presidente Asociación Nacional de Emprendedores de Colombia; Dr. Camilo\n                Guzmán, Director Ejecutivo Libertank. La cual, tiene como objetivo principal abrir un espacio de diálogo\n                constructivo frente a la nueva realidad que aquejan a las diferentes instituciones.\n            </p>\n            <p class=\"text-justify\">    En nuestro segundo día de congreso se desarrollará el tercer bloque llamado “Retos económicos y sociales”\n                donde nos acompañará el Dr. Ángel Custodio Cabrera, Ministro de Trabajo; Dr. Raúl José Buitrago, Presidente\n                del Fondo Nacional de Garantías; Dr. David Ortiz Díaz, CEO de SIIGO; Dr. Edgar Julián Gálvez, Universidad\n                del Valle – FAEDPYME; Dr. Domingo García, Universidad Politécnica de Cartagena – FAEDPYME. Este último\n                bloque se enfocará en los retos que corresponde asumir para recuperar los indicadores económicos y cerrar\n                las brechas sociales agravadas por el impacto de la pandemia.\n            </p>\n            <p class=\"text-justify\">    Para finalizar nuestro congreso, la clausura estará a cargo del Presidente de la República Dr. Iván\n                Duque Márquez en compañía de la Dra. Rosmery Quintero, Presidente Nacional ACOPI.\n            </p>\n            <p class=\"text-justify\">¡Bienvenidos a nuestro 66º Congreso Nacional: Empresas para el Desarrollo Social en el marco de la\n                celebración de nuestros 70 años!\n            </p>', NULL, 0, '2021-09-26 23:03:23'),
(19, 3, 'images/noticias/9.jpg', 'Feria de gastronomía local organizada por la Alcaldía de Valledupar', 'Mauris lobortis magna erat varius enim vestibulum aliquam consequat mauris dliquam ligula faucibus imperdiet tortor. ', '[acopi, congreso, microempresarios, agremiacion]', 'noticia-19', '<p class=\"text-justify\">Desde hace 70 años, ACOPI ha sido reconocida como un gremio dinámico, respetuoso y dispuesto a la construcción\n                colectiva. Hoy, seguimos conservando esa posición, donde la sociedad, las instituciones públicas y privadas\n                exaltan la labor gremial, representando no sólo a nuestros afiliados sino también a todas las MiPymes del país\n                que se benefician con nuestra gestión.\n            </p>\n            <p class=\"text-justify\">Empresas para el desarrollo social, nombre que enmarca nuestro 66º Congreso Nacional, resaltando el papel\n                dinamizador del segmento MiPyme colombiano, por lo que conservarlo y desarrollarlo es un propósito común.\n                Dar a conocer las acciones que realizan los empresarios frente a los retos de transformación que como país\n                venimos enfrentando será la labor durante estos dos días de Congreso como instrumento de dialogo constructivo.\n            </p>\n            <p class=\"text-justify\">Resaltamos el papel fundamental de la rama legislativa y ejecutiva, así como el de los futuros candidatos\n                presidenciales, en los retos que debemos trabajar a través de diálogos constructivos e incluyentes, donde\n                se establezcan rutas eficaces, cerrando brechas competitivas y sociales.\n            </p>\n            <p class=\"text-justify\">Por esta razón, desde ACOPI presentamos las siguientes propuestas:\n            </p>\n            <p class=\"text-justify\">Reforma Laboral Estructural:\n            </p>\n            <p class=\"text-justify\">Trabajo por unidad de tiempo.</p>\n            <p class=\"text-justify\"> Eliminación del periodo mínimo de cotización para el reconocimiento y pago de incapacidades por enfermedad\n                común.</p>\n            <p class=\"text-justify\">Adopción de un preaviso por parte del trabajador </p>\n            <p class=\"text-justify\">Mayor optimización de los aportes del sector empresarial a las cajas de compensación. Teniendo en cuenta\n                que las cajas de compensación fueron creadas para el beneficio de los empleados, desde el sector empresarial\n                se vería de manera positiva que se destine un porcentaje de los aportes al cumplimiento de ciertas\n                obligaciones que benefician a los trabajadores a cargo del sector empresarial, entre estas: organizar y\n                realizar la jornada denominada día de la familia, espacio creado para que el trabajador pueda compartir\n                mayor tiempo con esta; elaborar y adaptar programas dirigidos a la realización de actividades recreativas,\n                culturales, deportivas o de capacitación; al cierre de brechas de capital humano fortaleciendo competencias\n                tecnológicas, habilidades blandas, readaptación laboral; realización de la valoración anual de los factores\n                de riesgo psicosocial.\n            </p>\n            <p class=\"text-justify\">Pago de prestaciones sociales proporcional al ingreso del trabajador.</p>\n            <p class=\"text-justify\"> 2. Disminuir los costos indirectos a la nómina a través de la exoneración del pago del 4×1000 a las\n                transacciones relacionadas con la contratación y pagos laborales.\n            </p>\n            <p class=\"text-justify\">3. Tarifa diferencial del 33% en el Impuesto de la Renta en la Nueva Reforma Tributaria. Proposición que\n                busca alivianar los efectos generados en la pandemia por el COVID-19.\n            </p>\n            <p class=\"text-justify\">4. Programa Temporal de Empleo de Emergencia, que priorice la contratación de trabajadores no calificados,\n                para el desarrollo de actividades de reparación, recuperación y rehabilitación de infraestructura básica\n                de las zonas rurales o urbanas. Con el fin de disminuir el desempleo.\n            </p>\n            <p class=\"text-justify\">5. Flexibilizar las condiciones para el acceso de las MiPymes a recursos de financiación.\n            </p>\n            <p class=\"text-justify\">El día 26 de agosto, nuestra primera jornada denominada “Constructores de la nueva realidad social” contará\n                con la presencia del Dr. Jairo Pulecio, Presidente de la Junta Nacional de ACOPI; Dr. José O´Meara,\n                Director General de Colombia Comprar Eficiente; la Dra. Lucia Cusmano, Directora de las Pymes de la OCDE;\n                Dr. Aurelio Mejía, Viceministro encargado de Desarrollo Empresarial; Dra. Martha Lucía Ramírez,\n                Vicepresidente de la República de Colombia y Ministra de Relaciones exteriores.\n            </p>\n            <p class=\"text-justify\">La segunda jornada llamada “Experiencias que suman” contará con la presencia del Dr. Andrés García, Director\n                de Ventas del Segmento de Mediana y Pequeñas Empresas; Dra. Lucia Manfredi, Experta Politóloga; Sacerdote\n                Francisco de Roux; Tatyana Orozco, Presidente de Arena del Rio; Dra. Alejandra Botero, Directora DNP;\n                Dr. Mauricio Toro, Presidente Comisión por el Emprendimiento; Dr. Carlos Mario Estrada Molina, Director\n                General SENA; Dr. Guillermo Cáez, Presidente Asociación Nacional de Emprendedores de Colombia; Dr. Camilo\n                Guzmán, Director Ejecutivo Libertank. La cual, tiene como objetivo principal abrir un espacio de diálogo\n                constructivo frente a la nueva realidad que aquejan a las diferentes instituciones.\n            </p>\n            <p class=\"text-justify\">    En nuestro segundo día de congreso se desarrollará el tercer bloque llamado “Retos económicos y sociales”\n                donde nos acompañará el Dr. Ángel Custodio Cabrera, Ministro de Trabajo; Dr. Raúl José Buitrago, Presidente\n                del Fondo Nacional de Garantías; Dr. David Ortiz Díaz, CEO de SIIGO; Dr. Edgar Julián Gálvez, Universidad\n                del Valle – FAEDPYME; Dr. Domingo García, Universidad Politécnica de Cartagena – FAEDPYME. Este último\n                bloque se enfocará en los retos que corresponde asumir para recuperar los indicadores económicos y cerrar\n                las brechas sociales agravadas por el impacto de la pandemia.\n            </p>\n            <p class=\"text-justify\">    Para finalizar nuestro congreso, la clausura estará a cargo del Presidente de la República Dr. Iván\n                Duque Márquez en compañía de la Dra. Rosmery Quintero, Presidente Nacional ACOPI.\n            </p>\n            <p class=\"text-justify\">¡Bienvenidos a nuestro 66º Congreso Nacional: Empresas para el Desarrollo Social en el marco de la\n                celebración de nuestros 70 años!\n            </p>', NULL, 0, '2021-09-27 21:55:26'),
(20, 1, 'images/noticias/10.jpg', 'Ponte al día con la cuota de sostenimiento', 'Mauris lobortis magna erat varius enim vestibulum aliquam consequat mauris dliquam ligula faucibus imperdiet tortor. ', '[acopi, congreso, microempresarios, agremiacion]', 'noticia-20', '<p class=\"text-justify\">Desde hace 70 años, ACOPI ha sido reconocida como un gremio dinámico, respetuoso y dispuesto a la construcción\n                colectiva. Hoy, seguimos conservando esa posición, donde la sociedad, las instituciones públicas y privadas\n                exaltan la labor gremial, representando no sólo a nuestros afiliados sino también a todas las MiPymes del país\n                que se benefician con nuestra gestión.\n            </p>\n            <p class=\"text-justify\">Empresas para el desarrollo social, nombre que enmarca nuestro 66º Congreso Nacional, resaltando el papel\n                dinamizador del segmento MiPyme colombiano, por lo que conservarlo y desarrollarlo es un propósito común.\n                Dar a conocer las acciones que realizan los empresarios frente a los retos de transformación que como país\n                venimos enfrentando será la labor durante estos dos días de Congreso como instrumento de dialogo constructivo.\n            </p>\n            <p class=\"text-justify\">Resaltamos el papel fundamental de la rama legislativa y ejecutiva, así como el de los futuros candidatos\n                presidenciales, en los retos que debemos trabajar a través de diálogos constructivos e incluyentes, donde\n                se establezcan rutas eficaces, cerrando brechas competitivas y sociales.\n            </p>\n            <p class=\"text-justify\">Por esta razón, desde ACOPI presentamos las siguientes propuestas:\n            </p>\n            <p class=\"text-justify\">Reforma Laboral Estructural:\n            </p>\n            <p class=\"text-justify\">Trabajo por unidad de tiempo.</p>\n            <p class=\"text-justify\"> Eliminación del periodo mínimo de cotización para el reconocimiento y pago de incapacidades por enfermedad\n                común.</p>\n            <p class=\"text-justify\">Adopción de un preaviso por parte del trabajador </p>\n            <p class=\"text-justify\">Mayor optimización de los aportes del sector empresarial a las cajas de compensación. Teniendo en cuenta\n                que las cajas de compensación fueron creadas para el beneficio de los empleados, desde el sector empresarial\n                se vería de manera positiva que se destine un porcentaje de los aportes al cumplimiento de ciertas\n                obligaciones que benefician a los trabajadores a cargo del sector empresarial, entre estas: organizar y\n                realizar la jornada denominada día de la familia, espacio creado para que el trabajador pueda compartir\n                mayor tiempo con esta; elaborar y adaptar programas dirigidos a la realización de actividades recreativas,\n                culturales, deportivas o de capacitación; al cierre de brechas de capital humano fortaleciendo competencias\n                tecnológicas, habilidades blandas, readaptación laboral; realización de la valoración anual de los factores\n                de riesgo psicosocial.\n            </p>\n            <p class=\"text-justify\">Pago de prestaciones sociales proporcional al ingreso del trabajador.</p>\n            <p class=\"text-justify\"> 2. Disminuir los costos indirectos a la nómina a través de la exoneración del pago del 4×1000 a las\n                transacciones relacionadas con la contratación y pagos laborales.\n            </p>\n            <p class=\"text-justify\">3. Tarifa diferencial del 33% en el Impuesto de la Renta en la Nueva Reforma Tributaria. Proposición que\n                busca alivianar los efectos generados en la pandemia por el COVID-19.\n            </p>\n            <p class=\"text-justify\">4. Programa Temporal de Empleo de Emergencia, que priorice la contratación de trabajadores no calificados,\n                para el desarrollo de actividades de reparación, recuperación y rehabilitación de infraestructura básica\n                de las zonas rurales o urbanas. Con el fin de disminuir el desempleo.\n            </p>\n            <p class=\"text-justify\">5. Flexibilizar las condiciones para el acceso de las MiPymes a recursos de financiación.\n            </p>\n            <p class=\"text-justify\">El día 26 de agosto, nuestra primera jornada denominada “Constructores de la nueva realidad social” contará\n                con la presencia del Dr. Jairo Pulecio, Presidente de la Junta Nacional de ACOPI; Dr. José O´Meara,\n                Director General de Colombia Comprar Eficiente; la Dra. Lucia Cusmano, Directora de las Pymes de la OCDE;\n                Dr. Aurelio Mejía, Viceministro encargado de Desarrollo Empresarial; Dra. Martha Lucía Ramírez,\n                Vicepresidente de la República de Colombia y Ministra de Relaciones exteriores.\n            </p>\n            <p class=\"text-justify\">La segunda jornada llamada “Experiencias que suman” contará con la presencia del Dr. Andrés García, Director\n                de Ventas del Segmento de Mediana y Pequeñas Empresas; Dra. Lucia Manfredi, Experta Politóloga; Sacerdote\n                Francisco de Roux; Tatyana Orozco, Presidente de Arena del Rio; Dra. Alejandra Botero, Directora DNP;\n                Dr. Mauricio Toro, Presidente Comisión por el Emprendimiento; Dr. Carlos Mario Estrada Molina, Director\n                General SENA; Dr. Guillermo Cáez, Presidente Asociación Nacional de Emprendedores de Colombia; Dr. Camilo\n                Guzmán, Director Ejecutivo Libertank. La cual, tiene como objetivo principal abrir un espacio de diálogo\n                constructivo frente a la nueva realidad que aquejan a las diferentes instituciones.\n            </p>\n            <p class=\"text-justify\">    En nuestro segundo día de congreso se desarrollará el tercer bloque llamado “Retos económicos y sociales”\n                donde nos acompañará el Dr. Ángel Custodio Cabrera, Ministro de Trabajo; Dr. Raúl José Buitrago, Presidente\n                del Fondo Nacional de Garantías; Dr. David Ortiz Díaz, CEO de SIIGO; Dr. Edgar Julián Gálvez, Universidad\n                del Valle – FAEDPYME; Dr. Domingo García, Universidad Politécnica de Cartagena – FAEDPYME. Este último\n                bloque se enfocará en los retos que corresponde asumir para recuperar los indicadores económicos y cerrar\n                las brechas sociales agravadas por el impacto de la pandemia.\n            </p>\n            <p class=\"text-justify\">    Para finalizar nuestro congreso, la clausura estará a cargo del Presidente de la República Dr. Iván\n                Duque Márquez en compañía de la Dra. Rosmery Quintero, Presidente Nacional ACOPI.\n            </p>\n            <p class=\"text-justify\">¡Bienvenidos a nuestro 66º Congreso Nacional: Empresas para el Desarrollo Social en el marco de la\n                celebración de nuestros 70 años!\n            </p>', NULL, 0, '2021-09-27 21:55:12');

-- --------------------------------------------------------

--
-- Estructura de tabla para la tabla `pagina_web`
--

CREATE TABLE `pagina_web` (
  `id` int(11) NOT NULL,
  `dominio` text NOT NULL,
  `servidor` text NOT NULL,
  `titulo_pestana` text NOT NULL,
  `titulo_pagina` text NOT NULL,
  `logo_navegacion` text NOT NULL,
  `logo_pestana` text NOT NULL,
  `titulo_navegacion` text NOT NULL,
  `descripcion` text NOT NULL,
  `palabras_claves` text NOT NULL,
  `carrusel` text NOT NULL,
  `proyectos` text NOT NULL,
  `noticias_intro` text NOT NULL,
  `aliados` text NOT NULL,
  `videos` text NOT NULL,
  `productos` text NOT NULL,
  `redes_sociales` text NOT NULL,
  `contacto` text NOT NULL,
  `updated_at` timestamp NULL DEFAULT NULL
) ENGINE=InnoDB DEFAULT CHARSET=utf8;

--
-- Volcado de datos para la tabla `pagina_web`
--

INSERT INTO `pagina_web` (`id`, `dominio`, `servidor`, `titulo_pestana`, `titulo_pagina`, `logo_navegacion`, `logo_pestana`, `titulo_navegacion`, `descripcion`, `palabras_claves`, `carrusel`, `proyectos`, `noticias_intro`, `aliados`, `videos`, `productos`, `redes_sociales`, `contacto`, `updated_at`) VALUES
(1, 'http://localhost/acopi/', 'http://localhost/acopi/administrador/public/', 'ACOPI - Cesar', 'ACOPI - Cesar', 'vistas/images/pagina_web/2193.png', 'vistas/images/pagina_web/9766.png', 'ACOPI - CESAR', 'Página oficial de la asociación de las medianas y pequeñas industrias del Cesar, aquí encontrarás toda la información de nuestra agremiación.', '[\"acopi\",\"cesar\",\"acopicesar\",\"valledupar\",\"agremiacion\",\"agremiados\",\"microempresarios\",\"pymes\",\"colombia\",\"citas\"]', '[{\n	\"categoria\": \"Noticias\",\n	\"titulo\": \"REACTIVACIÓN DE ACOPI CESAR\",\n	\"texto\": \"Comienza la transformación en de los microempresarios en el departamento del Cesar.\",\n	\"boton-1\": \"vistas/images/pagina_web/carrusel/boton-ver-mas.png\",\n	\"boton-2\": \"\",\n	\"foto-delante\": \"\",\n	\"fondo\": \"vistas/images/pagina_web/carrusel/quinta.jpg\"\n},{\n	\"categoria\": \"Capacitación\",\n	\"titulo\": \"¡Ya comienza el festival! y es hora de planear.\",\n	\"texto\": \"Capacitación sobre como aprovechar la afluencia masiva de turistas (sector hotelero) y como incrementar las ventas (sector comercial). Dictado por la Doctora Alexandra Marquez <h4 class=\'home-subtitle\'>Fecha: Viernes 1 de octubre del 2021</h4><h4 class=\'home-subtitle\'>Lugar: Salon de conferencias hotel tativan</h4> <h4 class=\'home-subtitle\'>Hora: 9:00 A.M.</h4>\",\n	\"boton-1\": \"vistas/images/pagina_web/carrusel/boton-inscripcion.png\",\n	\"boton-2\": \"vistas/images/pagina_web/carrusel/2299.png\",\n	\"foto-delante\": \"vistas/images/pagina_web/carrusel/alexandra-marquez.jpg\",\n	\"fondo\": \"vistas/images/pagina_web/carrusel/vallenato.png\"\n},{\n	\"categoria\": \"Noticias\",\n	\"titulo\": \"Descarga la App de la DIAN\",\n	\"texto\": \"Invitamos a todos nuestro agremiados a descargar la aplicación de la DIAN en todos sus dispositivos moviles y así matenerse actualizados de todas las novedades tributarias del momento.\",\n	\"boton-1\": \"vistas/images/pagina_web/carrusel/apple-store.png\",\n	\"boton-2\": \"vistas/images/pagina_web/carrusel/google-play.png\",\n	\"foto-delante\": \"vistas/images/pagina_web/carrusel/8960.jpg\",\n	\"fondo\": \"vistas/images/pagina_web/carrusel/caja-agraria.png\"\n}]', '[{\"imagen\": \"images/proyectos/agromercado.png\", \"fecha_dia\": \"14\", \"fecha_mes\": \"Abril\", \"categoria\": \"Sector Agroindustríal\", \"nombre\": \"AgroMercado\", \"info\": \"Este proyecto busca mejorar las condiciones de los campesinos mediante el mejoramiento o adecuación de vias, para que estos puedan sacar sus productos facilmente al mercado. Proyecto realizado en conjunto con la Gobernación del Cesar.\"\r\n},{\"imagen\": \"images/proyectos/textiles.png\", \"fecha_dia\": \"15\", \"fecha_mes\": \"Abril\", \"categoria\": \"Sector Comercial\", \"nombre\": \"La Tercera Transformación\", \"info\": \"Proyecto que consiste en la evaluación para la aprobación de creditos, dandole la oportunidad a los microempresarios de crecer y superar la reciente crisis economica. En colaboración con Bancoldex.\"},{\"imagen\": \"images/proyectos/taxes.png\", \"fecha_dia\": \"16\", \"fecha_mes\": \"Abril\", \"categoria\": \"Comunidad en general\", \"nombre\": \"Taxes al día\", \"info\": \"Consiste en asegurarse que todos los microempresarios estén al tanto de cuales son sus compromisos tributarios.\" }]\r\n', 'En esta sesión encontraras las  noticias más recientes de nuestra agremiación, solo cliquea sobre el recuadro para ver más.', '[{\r\n	\"nombre\": \"upc\",\r\n	\"logo\": \"images/aliados/aliados-upc.png\",\r\n	\"link\": \"http://www.unicesar.edu.co\"\r\n}, {\r\n	\"nombre\": \"udes\",\r\n	\"logo\": \"images/aliados/aliados-udes.png\",\r\n	\"link\": \"http://www.unicesar.edu.co\"\r\n}, {\r\n	\"nombre\": \"areandina\",\r\n	\"logo\": \"images/aliados/aliados-areandina.png\",\r\n	\"link\": \"http://www.unicesar.edu.co\"\r\n}, {\r\n	\"nombre\": \"sena\",\r\n	\"logo\": \"images/aliados/aliados-sena.png\",\r\n	\"link\": \"http://www.unicesar.edu.co\"\r\n}]', '[\"https://www.youtube.com/embed/qJ7Kpfm6DXM\", \"https://www.youtube.com/embed/TYvtmPZ6YS8\", \"https://www.youtube.com/embed/jEVKFNZU4EI\"]', '[{\r\n	\"num\":\"01.\",\r\n	\"nombre\": \"Representación y liderazgo gremial.\",\r\n	\"descripcion\": \"Defendemos los intereses del sector ante las entidades gubernamentales y no gubernamentales, nacionales y/o extranjeras.\"\r\n},{\r\n	\"num\":\"02.\",\r\n	\"nombre\": \"Convenios de cooperación interinstitucional.\",\r\n	\"descripcion\": \"Sucritos con diversas entidades para desarrollar programas que contribuyan al fomentos de la pequeña y mediana empresa.\"\r\n},{\r\n	\"num\":\"03.\",\r\n	\"nombre\": \"Alianzas estrategicas.\",\r\n	\"descripcion\": \"Promovemos la asociación entre empresas afines para propocionar la transferencia de bienes y servicios buscando la ampliacion de sus mercados y la disminución de sus costos.\"\r\n},{\r\n	\"num\":\"04.\",\r\n	\"nombre\": \"Capacitación.\",\r\n	\"descripcion\": \"Programamos conferencias, talleres, crusos y seminarios especializados en diversas areas administrativas y tecnicas, orientadas a resolver las necesidades de capacitación del sector industrial, con tarifas especiales para afiliados.\"\r\n},{\r\n	\"num\":\"05.\",\r\n	\"nombre\": \"Asesorías.\",\r\n	\"descripcion\": \"Nuestros afiliados pueden obtener asesorías en las siguientes areas:\"\r\n},{\r\n	\"num\":\"06.\",\r\n	\"nombre\": \"Información y divulgación.\",\r\n	\"descripcion\": \"Es nuestro interes mantener una cordial y permanente comunicación con nuestro gremio que nos permite hacerle llegar información especializada del sector y conocer sus inquietudes y necesidades.\"\r\n},{\r\n	\"num\":\"07.\",\r\n	\"nombre\": \"Eventos especiales.\",\r\n	\"descripcion\": \"Con el proposito de promocionar e integrar a nuestro afiliados, buscando ampliar sus horizontes, organizamos y apoyamos la realización de encuentros empresariales, muestras y ferias como Expocesar, Con la participación de entidades como PROEXPORT organizamos misiones a otros paises con la imtención de establecer contactos para importación y Exportación.\"\r\n},{\r\n	\"num\":\"08.\",\r\n	\"nombre\": \"Eventos institucionales.\",\r\n	\"descripcion\": \"Asamblea General de Afiliados, Convención Nacional, Congreso Nacional.\"\r\n},{\r\n	\"num\":\"09.\",\r\n	\"nombre\": \"Practicas empresariales.\",\r\n	\"descripcion\": \"Mediante Convenios con las universidades, estamos en la posibilidad de facilitar a nuestros afiliados practicantes calificados que les apoyen en la implantación de procesos hacia una mayor productividad, para lo cual se ha conformado un COMITÉ INTERDISCIPLINARIO.\"\r\n},{\r\n	\"num\":\"10.\",\r\n	\"nombre\": \"Fortalecimiento y desarrollo Sectorial.\",\r\n	\"descripcion\": \"A traves de los programas de desarrollo sectorial PRODES, se implementan actividades asociativas, orientadas al mejoramiento de la gestión y competividad con el objetivo final incorporar a las PYMES de la región en la corriente de los negocios internacionales.\"\r\n},{\r\n	\"num\":\"11.\",\r\n	\"nombre\": \"Centros de conciliación y arbitraje.\",\r\n	\"descripcion\": \"Al servicio de nuestros afiliados para disminuir conflictos por la via de la conciliación.\"\r\n}]', '[{\"nombre\":\"facebook\",\"logo\":\"fab fa-facebook-f\",\"link\":\"https://www.facebook.com\"},{\"nombre\":\"linkeln\",\"logo\":\"fab fa-linkedin-in\",\"link\":\"https://www.linkeln.com\"},{\"nombre\":\"twitter\",\"logo\":\"fab fa-twitter\",\"link\":\"https://www.twitter.com\"},{\"nombre\":\" tiktok\",\"logo\":\"fab fa-tiktok\",\"link\":\"https://www.tiktok.com\"},{\"nombre\":\" youtube\",\"logo\":\"fab fa-youtube\",\"link\":\"https://www.youtube.com\"},{\"nombre\":\" pinterest\",\"logo\":\"fab fa-pinterest-p\",\"link\":\"https://www.pinterest.com\"}]', '[\"Calle 15 # 4-33, oficina 401.\",\"574 9216\",\"+57 315 651 6647\",\"acopicesar07@hotmail.com\"]', '2021-11-29 01:20:00');

-- --------------------------------------------------------

--
-- Estructura de tabla para la tabla `password_resets`
--

CREATE TABLE `password_resets` (
  `email` varchar(255) COLLATE utf8mb4_unicode_ci NOT NULL,
  `token` varchar(255) COLLATE utf8mb4_unicode_ci NOT NULL,
  `created_at` timestamp NULL DEFAULT NULL
) ENGINE=InnoDB DEFAULT CHARSET=utf8mb4 COLLATE=utf8mb4_unicode_ci;

--
-- Volcado de datos para la tabla `password_resets`
--

INSERT INTO `password_resets` (`email`, `token`, `created_at`) VALUES
('andresalfredosotosuarez@gmail.com', '$2y$10$A.tdC3QVQwGRb8tGR4mEQe1t8IWxrxLg7kx60TNNq06fFivYIavBS', '2021-11-20 03:32:07');

-- --------------------------------------------------------

--
-- Estructura de tabla para la tabla `personal_access_tokens`
--

CREATE TABLE `personal_access_tokens` (
  `id` bigint(20) UNSIGNED NOT NULL,
  `tokenable_type` varchar(255) COLLATE utf8mb4_unicode_ci NOT NULL,
  `tokenable_id` bigint(20) UNSIGNED NOT NULL,
  `name` varchar(255) COLLATE utf8mb4_unicode_ci NOT NULL,
  `token` varchar(64) COLLATE utf8mb4_unicode_ci NOT NULL,
  `abilities` text COLLATE utf8mb4_unicode_ci DEFAULT NULL,
  `last_used_at` timestamp NULL DEFAULT NULL,
  `created_at` timestamp NULL DEFAULT NULL,
  `updated_at` timestamp NULL DEFAULT NULL
) ENGINE=InnoDB DEFAULT CHARSET=utf8mb4 COLLATE=utf8mb4_unicode_ci;

-- --------------------------------------------------------

--
-- Estructura de tabla para la tabla `users`
--

CREATE TABLE `users` (
  `id` bigint(20) UNSIGNED NOT NULL,
  `name` varchar(255) COLLATE utf8mb4_unicode_ci NOT NULL,
  `email` varchar(255) COLLATE utf8mb4_unicode_ci NOT NULL,
  `email_verified_at` timestamp NULL DEFAULT NULL,
  `password` varchar(255) COLLATE utf8mb4_unicode_ci NOT NULL,
  `remember_token` varchar(100) COLLATE utf8mb4_unicode_ci DEFAULT NULL,
  `created_at` timestamp NULL DEFAULT NULL,
  `updated_at` timestamp NULL DEFAULT NULL
) ENGINE=InnoDB DEFAULT CHARSET=utf8mb4 COLLATE=utf8mb4_unicode_ci;

--
-- Volcado de datos para la tabla `users`
--

INSERT INTO `users` (`id`, `name`, `email`, `email_verified_at`, `password`, `remember_token`, `created_at`, `updated_at`) VALUES
(1, 'Andrés Soto', 'andresalfredosotosuarez@gmail.com', NULL, '$2y$10$jPmKrQ9l3Xvt8xN35BHt.OJ.NTYenPs9nHvKxAy6r6ZTKq1.sZln6', NULL, '2021-11-17 01:34:47', '2021-11-17 01:34:47'),
(2, 'Mario Marquez', 'marquez@gmail.com', NULL, '$2y$10$SbK49jLwy/2DK0WYWj1cnuAKYv54uVVguxSDX6Qn0/oeavHsQFogm', NULL, '2021-11-20 03:41:02', '2021-11-20 03:41:02');

--
-- Índices para tablas volcadas
--

--
-- Indices de la tabla `categorias`
--
ALTER TABLE `categorias`
  ADD PRIMARY KEY (`id_categoria`);

--
-- Indices de la tabla `failed_jobs`
--
ALTER TABLE `failed_jobs`
  ADD PRIMARY KEY (`id`),
  ADD UNIQUE KEY `failed_jobs_uuid_unique` (`uuid`);

--
-- Indices de la tabla `interesados`
--
ALTER TABLE `interesados`
  ADD PRIMARY KEY (`id`);

--
-- Indices de la tabla `migrations`
--
ALTER TABLE `migrations`
  ADD PRIMARY KEY (`id`);

--
-- Indices de la tabla `noticias`
--
ALTER TABLE `noticias`
  ADD PRIMARY KEY (`id`);

--
-- Indices de la tabla `pagina_web`
--
ALTER TABLE `pagina_web`
  ADD PRIMARY KEY (`id`);

--
-- Indices de la tabla `password_resets`
--
ALTER TABLE `password_resets`
  ADD KEY `password_resets_email_index` (`email`);

--
-- Indices de la tabla `personal_access_tokens`
--
ALTER TABLE `personal_access_tokens`
  ADD PRIMARY KEY (`id`),
  ADD UNIQUE KEY `personal_access_tokens_token_unique` (`token`),
  ADD KEY `personal_access_tokens_tokenable_type_tokenable_id_index` (`tokenable_type`,`tokenable_id`);

--
-- Indices de la tabla `users`
--
ALTER TABLE `users`
  ADD PRIMARY KEY (`id`),
  ADD UNIQUE KEY `users_email_unique` (`email`);

--
-- AUTO_INCREMENT de las tablas volcadas
--

--
-- AUTO_INCREMENT de la tabla `categorias`
--
ALTER TABLE `categorias`
  MODIFY `id_categoria` int(11) NOT NULL AUTO_INCREMENT, AUTO_INCREMENT=4;

--
-- AUTO_INCREMENT de la tabla `failed_jobs`
--
ALTER TABLE `failed_jobs`
  MODIFY `id` bigint(20) UNSIGNED NOT NULL AUTO_INCREMENT;

--
-- AUTO_INCREMENT de la tabla `interesados`
--
ALTER TABLE `interesados`
  MODIFY `id` int(11) NOT NULL AUTO_INCREMENT, AUTO_INCREMENT=2;

--
-- AUTO_INCREMENT de la tabla `migrations`
--
ALTER TABLE `migrations`
  MODIFY `id` int(10) UNSIGNED NOT NULL AUTO_INCREMENT, AUTO_INCREMENT=5;

--
-- AUTO_INCREMENT de la tabla `noticias`
--
ALTER TABLE `noticias`
  MODIFY `id` int(11) NOT NULL AUTO_INCREMENT, AUTO_INCREMENT=21;

--
-- AUTO_INCREMENT de la tabla `pagina_web`
--
ALTER TABLE `pagina_web`
  MODIFY `id` int(11) NOT NULL AUTO_INCREMENT, AUTO_INCREMENT=2;

--
-- AUTO_INCREMENT de la tabla `personal_access_tokens`
--
ALTER TABLE `personal_access_tokens`
  MODIFY `id` bigint(20) UNSIGNED NOT NULL AUTO_INCREMENT;

--
-- AUTO_INCREMENT de la tabla `users`
--
ALTER TABLE `users`
  MODIFY `id` bigint(20) UNSIGNED NOT NULL AUTO_INCREMENT, AUTO_INCREMENT=3;
COMMIT;

/*!40101 SET CHARACTER_SET_CLIENT=@OLD_CHARACTER_SET_CLIENT */;
/*!40101 SET CHARACTER_SET_RESULTS=@OLD_CHARACTER_SET_RESULTS */;
/*!40101 SET COLLATION_CONNECTION=@OLD_COLLATION_CONNECTION */;
